{"accuracy": [0.8930894136428833, 0.9429799914360046, 0.9520012736320496, 0.9569887518882751, 0.9603502154350281, 0.9630081057548523, 0.9663852453231812, 0.9687304496765137, 0.9704189896583557, 0.971794843673706, 0.9729675054550171], "auc": [0.9552755355834961, 0.9872962832450867, 0.9908232092857361, 0.9921590685844421, 0.9933885931968689, 0.9943640828132629, 0.9950897097587585, 0.9958323240280151, 0.9960951209068298, 0.9965497851371765, 0.9968096017837524], "loss": [0.28422844409942627, 0.14341601729393005, 0.1209789514541626, 0.11096201837062836, 0.10156625509262085, 0.09423738718032837, 0.08685839176177979, 0.08030009269714355, 0.07701600342988968, 0.0722651258111, 0.06890923529863358], "precision": [0.8930894136428833, 0.9429799914360046, 0.9520012736320496, 0.9569887518882751, 0.9603502154350281, 0.9630081057548523, 0.9663852453231812, 0.9687304496765137, 0.9704189896583557, 0.971794843673706, 0.9729675054550171], "recall": [0.8930894136428833, 0.9429799914360046, 0.9520012736320496, 0.9569887518882751, 0.9603502154350281, 0.9630081057548523, 0.9663852453231812, 0.9687304496765137, 0.9704189896583557, 0.971794843673706, 0.9729675054550171], "val_accuracy": [0.9496560096740723, 0.9576610326766968, 0.9634771943092346, 0.9604753255844116, 0.9652907848358154, 0.964665412902832, 0.9656035304069519, 0.9672295451164246, 0.9656660556793213, 0.9666041135787964, 0.9686679244041443], "val_auc": [0.9895750880241394, 0.9929713010787964, 0.9942998886108398, 0.9938505291938782, 0.9948410391807556, 0.9947885274887085, 0.994897186756134, 0.9950130581855774, 0.9945193529129028, 0.994426965713501, 0.9951069951057434], "val_loss": [0.13265378773212433, 0.10934514552354813, 0.09723366796970367, 0.09733439981937408, 0.09008309245109558, 0.0902174562215805, 0.08722659945487976, 0.08516816049814224, 0.08948051929473877, 0.08837682753801346, 0.08567485958337784], "val_precision": [0.9496560096740723, 0.9576610326766968, 0.9634771943092346, 0.9604753255844116, 0.9652907848358154, 0.964665412902832, 0.9656035304069519, 0.9672295451164246, 0.9656660556793213, 0.9666041135787964, 0.9686679244041443], "val_recall": [0.9496560096740723, 0.9576610326766968, 0.9634771943092346, 0.9604753255844116, 0.9652907848358154, 0.964665412902832, 0.9656035304069519, 0.9672295451164246, 0.9656660556793213, 0.9666041135787964, 0.9686679244041443]}