{
    "loss": [
        0.5787618160247803,
        0.49627891182899475,
        0.47691336274147034,
        0.4648101329803467,
        0.45623108744621277,
        0.45110493898391724,
        0.44770103693008423,
        0.4442472457885742
    ],
    "accuracy": [
        0.7475453615188599,
        0.7988274097442627,
        0.8163226842880249,
        0.8251250982284546,
        0.8322701454162598,
        0.8360068798065186,
        0.8407911062240601,
        0.842292070388794
    ],
    "precision": [
        0.7475453615188599,
        0.7988274097442627,
        0.8163226842880249,
        0.8251250982284546,
        0.8322701454162598,
        0.8360068798065186,
        0.8407911062240601,
        0.842292070388794
    ],
    "recall": [
        0.7475453615188599,
        0.7988274097442627,
        0.8163226842880249,
        0.8251250982284546,
        0.8322701454162598,
        0.8360068798065186,
        0.8407911062240601,
        0.842292070388794
    ],
    "auc": [
        0.8174009323120117,
        0.8802838325500488,
        0.8960835933685303,
        0.9052366018295288,
        0.911361038684845,
        0.915108323097229,
        0.9176204800605774,
        0.9197462201118469
    ],
    "val_loss": [
        0.4639403522014618,
        0.44477379322052,
        0.4337044656276703,
        0.42907920479774475,
        0.4159694314002991,
        0.4223100244998932,
        0.4279710054397583,
        0.4163988530635834
    ],
    "val_accuracy": [
        0.8367104530334473,
        0.8474045991897583,
        0.8581613302230835,
        0.8578486442565918,
        0.8651657104492188,
        0.8619136810302734,
        0.8592870831489563,
        0.864290177822113
    ],
    "val_precision": [
        0.8367104530334473,
        0.8474045991897583,
        0.8581613302230835,
        0.8578486442565918,
        0.8651657104492188,
        0.8619136810302734,
        0.8592870831489563,
        0.864290177822113
    ],
    "val_recall": [
        0.8367104530334473,
        0.8474045991897583,
        0.8581613302230835,
        0.8578486442565918,
        0.8651657104492188,
        0.8619136810302734,
        0.8592870831489563,
        0.864290177822113
    ],
    "val_auc": [
        0.9122329950332642,
        0.9232364296913147,
        0.9327488541603088,
        0.9326874613761902,
        0.9393192529678345,
        0.935518205165863,
        0.9340094923973083,
        0.9388125538825989
    ]
}